title,price,link
"VIZIO 40-inch Full HD 1080p Smart TV with DTS Virtual: X, Alexa Compatibility, Google Cast Built-in, Bluetooth Headphone Capable, (VFD40M-08 New)",$138.00,https://www.amazon.com/VIZIO-40-inch-1080p-Virtual-Built/dp/B0CXG3HMX1/ref=sr_1_1?dib=eyJ2IjoiMSJ9.Gxk-Lmvzl2JGCm9e4vjspn0PAHkTHAdiMHXr6K4ubkDx-cdaXbQXze-FUVxiRP0cPa9bt8C5PSnlig2w3_VDn8xIiPmXT9EhNZW3EZIwQaiC4qYzFCA-AGRFoX34neBb23l0TVIudPYMzEhTQF2w5KvhtAPlQG1ZTb7bNcCJjYqndlNVBuevCapBTSxP_gbYmk4MCb7Js_CiU1-QFfo5KKyGvaslip6gr49CPcsCVr0.POs1QFPyjsuNuULyJOrEwu1vpZAJRpGD3t7rzNH4sX0&dib_tag=se&keywords=Television&qid=1740517659&sr=8-1
INSIGNIA 32-inch Class F20 Series Smart HD 720p Fire TV with Alexa Voice Remote (NS-32F201NA23),$89.99,https://www.amazon.com/insignia-fire-tv-32-inch-class-f20-series-hd-smart-tv/dp/B09ZLTMWWH/ref=sr_1_2?dib=eyJ2IjoiMSJ9.Gxk-Lmvzl2JGCm9e4vjspn0PAHkTHAdiMHXr6K4ubkDx-cdaXbQXze-FUVxiRP0cPa9bt8C5PSnlig2w3_VDn8xIiPmXT9EhNZW3EZIwQaiC4qYzFCA-AGRFoX34neBb23l0TVIudPYMzEhTQF2w5KvhtAPlQG1ZTb7bNcCJjYqndlNVBuevCapBTSxP_gbYmk4MCb7Js_CiU1-QFfo5KKyGvaslip6gr49CPcsCVr0.POs1QFPyjsuNuULyJOrEwu1vpZAJRpGD3t7rzNH4sX0&dib_tag=se&keywords=Television&qid=1740517659&sr=8-2
"SAMSUNG 65-Inch Class Crystal UHD 4K DU7200 Series HDR Smart TV w/Object Tracking Sound Lite, PurColor, Motion Xcelerator, Mega Contrast, Q-Symphony (UN65DU7200, 2024 Model)",N/A,https://www.amazon.com/SAMSUNG-Tracking-Xcelerator-Q-Symphony-UN65DU7200/dp/B0CVS1XHJL/ref=sr_1_3?dib=eyJ2IjoiMSJ9.Gxk-Lmvzl2JGCm9e4vjspn0PAHkTHAdiMHXr6K4ubkDx-cdaXbQXze-FUVxiRP0cPa9bt8C5PSnlig2w3_VDn8xIiPmXT9EhNZW3EZIwQaiC4qYzFCA-AGRFoX34neBb23l0TVIudPYMzEhTQF2w5KvhtAPlQG1ZTb7bNcCJjYqndlNVBuevCapBTSxP_gbYmk4MCb7Js_CiU1-QFfo5KKyGvaslip6gr49CPcsCVr0.POs1QFPyjsuNuULyJOrEwu1vpZAJRpGD3t7rzNH4sX0&dib_tag=se&keywords=Television&qid=1740517659&sr=8-3
INSIGNIA 43-inch Class F30 Series LED 4K UHD Smart Fire TV with Alexa Voice Remote (NS-43F301NA25),$159.99,https://www.amazon.com/insignia-fire-tv-43-inch-class-f30-series-4k-smart-tv/dp/B0CMDJ8TK3/ref=sr_1_4?dib=eyJ2IjoiMSJ9.Gxk-Lmvzl2JGCm9e4vjspn0PAHkTHAdiMHXr6K4ubkDx-cdaXbQXze-FUVxiRP0cPa9bt8C5PSnlig2w3_VDn8xIiPmXT9EhNZW3EZIwQaiC4qYzFCA-AGRFoX34neBb23l0TVIudPYMzEhTQF2w5KvhtAPlQG1ZTb7bNcCJjYqndlNVBuevCapBTSxP_gbYmk4MCb7Js_CiU1-QFfo5KKyGvaslip6gr49CPcsCVr0.POs1QFPyjsuNuULyJOrEwu1vpZAJRpGD3t7rzNH4sX0&dib_tag=se&keywords=Television&qid=1740517659&sr=8-4
INSIGNIA 50-inch Class F30 Series LED 4K UHD Smart Fire TV with Alexa Voice Remote (NS-50F301NA24),$209.99,https://www.amazon.com/insignia-fire-tv-50-inch-class-f30-series-4k-smart-tv/dp/B0BTTVRWPR/ref=sr_1_5?dib=eyJ2IjoiMSJ9.Gxk-Lmvzl2JGCm9e4vjspn0PAHkTHAdiMHXr6K4ubkDx-cdaXbQXze-FUVxiRP0cPa9bt8C5PSnlig2w3_VDn8xIiPmXT9EhNZW3EZIwQaiC4qYzFCA-AGRFoX34neBb23l0TVIudPYMzEhTQF2w5KvhtAPlQG1ZTb7bNcCJjYqndlNVBuevCapBTSxP_gbYmk4MCb7Js_CiU1-QFfo5KKyGvaslip6gr49CPcsCVr0.POs1QFPyjsuNuULyJOrEwu1vpZAJRpGD3t7rzNH4sX0&dib_tag=se&keywords=Television&qid=1740517659&sr=8-5
"TCL 55-Inch Class S5 UHD 4K LED Smart TV with Fire TV (55S551F, 2024 Model), Dolby Vision, HDR PRO+, Dolby Atmos, Alexa Built-in with Voice Remote, Apple AirPlay 2 Compatibility, Streaming Television",$249.99,https://www.amazon.com/tcl-fire-tv-55-inch-class-s5-4k-smart-tv/dp/B0D4PD799H/ref=sr_1_6?dib=eyJ2IjoiMSJ9.Gxk-Lmvzl2JGCm9e4vjspn0PAHkTHAdiMHXr6K4ubkDx-cdaXbQXze-FUVxiRP0cPa9bt8C5PSnlig2w3_VDn8xIiPmXT9EhNZW3EZIwQaiC4qYzFCA-AGRFoX34neBb23l0TVIudPYMzEhTQF2w5KvhtAPlQG1ZTb7bNcCJjYqndlNVBuevCapBTSxP_gbYmk4MCb7Js_CiU1-QFfo5KKyGvaslip6gr49CPcsCVr0.POs1QFPyjsuNuULyJOrEwu1vpZAJRpGD3t7rzNH4sX0&dib_tag=se&keywords=Television&qid=1740517659&sr=8-6
"Amazon Fire TV 32"" 2-Series (newest model), HD smart TV with Fire TV Alexa Voice Remote, stream live TV without cable",$129.99,https://www.amazon.com/amazon-fire-tv-32-inch-2-series-hd-smart-tv/dp/B0CJDSNN4T/ref=sr_1_7?dib=eyJ2IjoiMSJ9.Gxk-Lmvzl2JGCm9e4vjspn0PAHkTHAdiMHXr6K4ubkDx-cdaXbQXze-FUVxiRP0cPa9bt8C5PSnlig2w3_VDn8xIiPmXT9EhNZW3EZIwQaiC4qYzFCA-AGRFoX34neBb23l0TVIudPYMzEhTQF2w5KvhtAPlQG1ZTb7bNcCJjYqndlNVBuevCapBTSxP_gbYmk4MCb7Js_CiU1-QFfo5KKyGvaslip6gr49CPcsCVr0.POs1QFPyjsuNuULyJOrEwu1vpZAJRpGD3t7rzNH4sX0&dib_tag=se&keywords=Television&qid=1740517659&sr=8-7
"TCL 65-Inch Q65 QLED 4K UHD Smart TV with Google TV (65Q651G, 2024 Model) Dolby Vision, Dolby Atmos, HDR Pro+, Game Accelerator Enhanced Gaming, Voice Remote, Works with Alexa, Streaming Television",$368.00,https://www.amazon.com/TCL-65Q651G-Accelerator-Streaming-Television/dp/B0CZMG5X67/ref=sr_1_8?dib=eyJ2IjoiMSJ9.Gxk-Lmvzl2JGCm9e4vjspn0PAHkTHAdiMHXr6K4ubkDx-cdaXbQXze-FUVxiRP0cPa9bt8C5PSnlig2w3_VDn8xIiPmXT9EhNZW3EZIwQaiC4qYzFCA-AGRFoX34neBb23l0TVIudPYMzEhTQF2w5KvhtAPlQG1ZTb7bNcCJjYqndlNVBuevCapBTSxP_gbYmk4MCb7Js_CiU1-QFfo5KKyGvaslip6gr49CPcsCVr0.POs1QFPyjsuNuULyJOrEwu1vpZAJRpGD3t7rzNH4sX0&dib_tag=se&keywords=Television&qid=1740517659&sr=8-8
"Roku Smart TV – 50-Inch Select Series 4K HDR RokuTV with Roku Enhanced Voice Remote, Brilliant 4K Picture, Automatic Brightness, & Seamless Streaming – Live Local News, Sports, Family Entertainment",$248.00,https://www.amazon.com/Roku-Brilliant-Automatic-Brightness-Streaming/dp/B0CLFD3NF5/ref=sr_1_9?dib=eyJ2IjoiMSJ9.Gxk-Lmvzl2JGCm9e4vjspn0PAHkTHAdiMHXr6K4ubkDx-cdaXbQXze-FUVxiRP0cPa9bt8C5PSnlig2w3_VDn8xIiPmXT9EhNZW3EZIwQaiC4qYzFCA-AGRFoX34neBb23l0TVIudPYMzEhTQF2w5KvhtAPlQG1ZTb7bNcCJjYqndlNVBuevCapBTSxP_gbYmk4MCb7Js_CiU1-QFfo5KKyGvaslip6gr49CPcsCVr0.POs1QFPyjsuNuULyJOrEwu1vpZAJRpGD3t7rzNH4sX0&dib_tag=se&keywords=Television&qid=1740517659&sr=8-9
INSIGNIA 70-inch Class F50 Series LED 4K UHD Smart Fire TV with Alexa Voice Remote (NS-70F501NA25),$379.99,https://www.amazon.com/insignia-fire-tv-70-inch-class-f50-series-4k-smart-tv/dp/B0DDM3PGVF/ref=sr_1_10?dib=eyJ2IjoiMSJ9.Gxk-Lmvzl2JGCm9e4vjspn0PAHkTHAdiMHXr6K4ubkDx-cdaXbQXze-FUVxiRP0cPa9bt8C5PSnlig2w3_VDn8xIiPmXT9EhNZW3EZIwQaiC4qYzFCA-AGRFoX34neBb23l0TVIudPYMzEhTQF2w5KvhtAPlQG1ZTb7bNcCJjYqndlNVBuevCapBTSxP_gbYmk4MCb7Js_CiU1-QFfo5KKyGvaslip6gr49CPcsCVr0.POs1QFPyjsuNuULyJOrEwu1vpZAJRpGD3t7rzNH4sX0&dib_tag=se&keywords=Television&qid=1740517659&sr=8-10
INSIGNIA 65-inch Class F50 Series LED 4K UHD Smart Fire TV with Alexa Voice Remote (NS-65F501NA24),$299.99,https://www.amazon.com/INSIGNIA-fire-tv-65-inch-class-f50-series-4k-smart-tv/dp/B0DM2LQV3F/ref=sr_1_11?dib=eyJ2IjoiMSJ9.Gxk-Lmvzl2JGCm9e4vjspn0PAHkTHAdiMHXr6K4ubkDx-cdaXbQXze-FUVxiRP0cPa9bt8C5PSnlig2w3_VDn8xIiPmXT9EhNZW3EZIwQaiC4qYzFCA-AGRFoX34neBb23l0TVIudPYMzEhTQF2w5KvhtAPlQG1ZTb7bNcCJjYqndlNVBuevCapBTSxP_gbYmk4MCb7Js_CiU1-QFfo5KKyGvaslip6gr49CPcsCVr0.POs1QFPyjsuNuULyJOrEwu1vpZAJRpGD3t7rzNH4sX0&dib_tag=se&keywords=Television&qid=1740517659&sr=8-11
"SAMSUNG 50-Inch Class 4K Crystal UHD DU8000 Series HDR Smart TV w/Object Tracking Sound Lite, Motion Xcelerator, Ultra Slim Design, Gaming Hub, Alexa Built-in (UN50DU8000, 2024 Model)",$393.60,https://www.amazon.com/SAMSUNG-50-Inch-Tracking-Xcelerator-UN50DU8000/dp/B0CV9P2DGY/ref=sr_1_12?dib=eyJ2IjoiMSJ9.Gxk-Lmvzl2JGCm9e4vjspn0PAHkTHAdiMHXr6K4ubkDx-cdaXbQXze-FUVxiRP0cPa9bt8C5PSnlig2w3_VDn8xIiPmXT9EhNZW3EZIwQaiC4qYzFCA-AGRFoX34neBb23l0TVIudPYMzEhTQF2w5KvhtAPlQG1ZTb7bNcCJjYqndlNVBuevCapBTSxP_gbYmk4MCb7Js_CiU1-QFfo5KKyGvaslip6gr49CPcsCVr0.POs1QFPyjsuNuULyJOrEwu1vpZAJRpGD3t7rzNH4sX0&dib_tag=se&keywords=Television&qid=1740517659&sr=8-12
"TOSHIBA 50-inch Class C350 Series LED 4K UHD Smart Fire TV with Alexa Voice Remote (50C350LU, 2023 Model)",$229.99,https://www.amazon.com/toshiba-fire-tv-50-inch-class-c350-series-4k-smart-tv/dp/B0BMK5B4TF/ref=sr_1_13?dib=eyJ2IjoiMSJ9.Gxk-Lmvzl2JGCm9e4vjspn0PAHkTHAdiMHXr6K4ubkDx-cdaXbQXze-FUVxiRP0cPa9bt8C5PSnlig2w3_VDn8xIiPmXT9EhNZW3EZIwQaiC4qYzFCA-AGRFoX34neBb23l0TVIudPYMzEhTQF2w5KvhtAPlQG1ZTb7bNcCJjYqndlNVBuevCapBTSxP_gbYmk4MCb7Js_CiU1-QFfo5KKyGvaslip6gr49CPcsCVr0.POs1QFPyjsuNuULyJOrEwu1vpZAJRpGD3t7rzNH4sX0&dib_tag=se&keywords=Television&qid=1740517659&sr=8-13
"Amazon Fire TV 50"" 4-Series, 4K UHD smart TV with Alexa Voice Remote Enhanced, stream live TV without cable",$449.99,https://www.amazon.com/amazon-fire-tv-50-inch-4-series-4k-smart-tv/dp/B08SVZ775L/ref=sr_1_14?dib=eyJ2IjoiMSJ9.Gxk-Lmvzl2JGCm9e4vjspn0PAHkTHAdiMHXr6K4ubkDx-cdaXbQXze-FUVxiRP0cPa9bt8C5PSnlig2w3_VDn8xIiPmXT9EhNZW3EZIwQaiC4qYzFCA-AGRFoX34neBb23l0TVIudPYMzEhTQF2w5KvhtAPlQG1ZTb7bNcCJjYqndlNVBuevCapBTSxP_gbYmk4MCb7Js_CiU1-QFfo5KKyGvaslip6gr49CPcsCVr0.POs1QFPyjsuNuULyJOrEwu1vpZAJRpGD3t7rzNH4sX0&dib_tag=se&keywords=Television&qid=1740517659&sr=8-14
"LG 55-Inch Class UT75 Series LED Smart TV 4K Processor Flat Screen AI-Powered with Alexa Built-in (55UT7570PUB, 2024)",$329.99,https://www.amazon.com/LG-55-Inch-Processor-AI-Powered-55UT7570PUB/dp/B0CVSJQRNZ/ref=sr_1_15?dib=eyJ2IjoiMSJ9.Gxk-Lmvzl2JGCm9e4vjspn0PAHkTHAdiMHXr6K4ubkDx-cdaXbQXze-FUVxiRP0cPa9bt8C5PSnlig2w3_VDn8xIiPmXT9EhNZW3EZIwQaiC4qYzFCA-AGRFoX34neBb23l0TVIudPYMzEhTQF2w5KvhtAPlQG1ZTb7bNcCJjYqndlNVBuevCapBTSxP_gbYmk4MCb7Js_CiU1-QFfo5KKyGvaslip6gr49CPcsCVr0.POs1QFPyjsuNuULyJOrEwu1vpZAJRpGD3t7rzNH4sX0&dib_tag=se&keywords=Television&qid=1740517659&sr=8-15
"Hisense 50"" Class A7 Series 4K UHD Smart Fire TV (50A7NF) - Wide Color Gamut, HDR10+, Dolby Vision, Dolby Atmos, AI Sports Mode, Game Mode, ALLM, Alexa Built in with Voice Remote, Streaming TV, Black",$249.99,https://www.amazon.com/hisense-fire-tv-50-inch-class-A7NF-series-qled-smart-tv/dp/B0DN6VXFLL/ref=sr_1_16?dib=eyJ2IjoiMSJ9.Gxk-Lmvzl2JGCm9e4vjspn0PAHkTHAdiMHXr6K4ubkDx-cdaXbQXze-FUVxiRP0cPa9bt8C5PSnlig2w3_VDn8xIiPmXT9EhNZW3EZIwQaiC4qYzFCA-AGRFoX34neBb23l0TVIudPYMzEhTQF2w5KvhtAPlQG1ZTb7bNcCJjYqndlNVBuevCapBTSxP_gbYmk4MCb7Js_CiU1-QFfo5KKyGvaslip6gr49CPcsCVr0.POs1QFPyjsuNuULyJOrEwu1vpZAJRpGD3t7rzNH4sX0&dib_tag=se&keywords=Television&qid=1740517659&sr=8-16
