title,price,rating,reviews,availability
Sony Playstation PS4 1TB Black Console,,4.6 out of 5 stars,"1,606 ratings",Only 1 left in stock - order soon.
PlayStation 4 Slim 1TB Console,,4.6 out of 5 stars,"15,790 ratings",In Stock
Sony PlayStation 4 Slim 1TB Premium Bundle (Renewed),,3.2 out of 5 stars,7 ratings,In Stock
PlayStation®4 Console – Call of Duty® Modern Warfare II Bundle,,4.4 out of 5 stars,146 ratings,In Stock
Sony PlayStation 4 Console 1TB - Black (Renewed),,3.3 out of 5 stars,21 ratings,Only 2 left in stock - order soon.
"Playstation Sony 4, 500GB Slim System [CUH-2215AB01], Black, 3003347",,4.4 out of 5 stars,384 ratings,Only 1 left in stock - order soon.
Sony PlayStation 4 Pro 1TB Console - Black (PS4 Pro),,4.4 out of 5 stars,"4,138 ratings",Only 4 left in stock - order soon.
PlayStation 4 Pro 1TB Console,,4.7 out of 5 stars,"12,774 ratings",Only 1 left in stock - order soon.
PlayStation 4 Slim 1TB Console,,4.1 out of 5 stars,318 ratings,Only 1 left in stock - order soon.
PlayStation 4,,4.5 out of 5 stars,"13,654 ratings",Only 1 left in stock - order soon.
PS4 Slim 500GB Console + Controller,,4.4 out of 5 stars,"1,924 ratings",Only 3 left in stock - order soon.
PlayStation 4 Slim 1TB Console - Marvel's Spider-Man Bundle [Discontinued],,4.6 out of 5 stars,"2,827 ratings",Only 1 left in stock - order soon.
PlayStation 4 500GB Console - Call of Duty Black Ops III Bundle [Discontinued],,4.6 out of 5 stars,"2,012 ratings",Only 1 left in stock - order soon.
"Wuthur PS4 Controller Wireless 2 Pack, Compatible with PlayStation 4 - Black & White",,4.3 out of 5 stars,534 ratings,In Stock
500GB PlayStation 4 Console -Star Wars Battlefront Bundle,,4.4 out of 5 stars,"1,320 ratings",Only 6 left in stock - order soon.
PlayStation 4 Slim 500GB Console - Uncharted 4 Bundle Discontinued,,4.7 out of 5 stars,"6,516 ratings",Only 1 left in stock - order soon.
Nintendo 64 System - Video Game Console (Renewed),,3.8 out of 5 stars,"1,521 ratings",Only 18 left in stock - order soon.
"Sony Playstation 3 160GB CECH-3001A, Console Only (Renewed)",,4.1 out of 5 stars,384 ratings,Only 3 left in stock - order soon.
"Wireless Controller for PS4 Controller, Remote for PS4 Controller with Double Shock, Gamepad Joysticks for PlayStation 4 Controller with Turbo and Touch-Pad, Compatible with PS4/ Pro/ Slim- Black",,4.3 out of 5 stars,156 ratings,In Stock
"MOOGOLE Wireless Controller for PS4, with USB C Cable/1000mAh Battery/Dual Motors/6-Axis Gyro/3.5mm Audio Jack/Multi Touch Pad/Share Button, Compatible with PS4/Slim/Pro/PC (Colorful Arrows)",,4.2 out of 5 stars,"4,040 ratings",In Stock
"Wuthur PS4 Controller Wireless 2 Pack, Compatible with PlayStation 4 - Black & White",,4.3 out of 5 stars,534 ratings,In Stock
TNP PS4 Controller Phone Clip Holder Clamp Mount Bracket Compatible with PlayStation 4 PS4 Dual Shock Wireless Controller [PlayStation 4],,4.2 out of 5 stars,394 ratings,In Stock
"RALAN Wireless Controller Compatible with Playstation 4 for PS4/Pro/Slim, 1000mAh Rechargeable Battery Gamepad Joystick for PS4 with 3.5mm Audio Jack! 6 Thumb Caps Included! (White-Pink)",,4.0 out of 5 stars,110 ratings,In Stock
"Wireless Controller for PS4 Controller, Remote for PS4 Controller with Double Shock, Gamepad Joysticks for PlayStation 4 Controller with Turbo and Touch-Pad, Compatible with PS4/ Pro/ Slim- White",,4.3 out of 5 stars,156 ratings,In Stock
"MOOGOLE PS4 Controller Wireless, with Vibration Feedback/Motion Sensing/Touchpad/Light Bar/Speaker/3.5mm Headphone Jack/Share, Compatible with PlayStation 4 (Black)",,4.2 out of 5 stars,"4,040 ratings",In Stock
Atomfall - PlayStation 4,,Previous page of related Sponsored Products,,"This item will be released on March 27, 2025."
"Wuthur PS4 Controller Wireless 2 Pack, Compatible with PlayStation 4 - Black & White",,4.3 out of 5 stars,534 ratings,In Stock
"suptek Glass Floating Shelves, TV Wall Mount with Shelf for DVD Player / PS4 / Cable Boxes/Game Consoles/Sky Box/TV Accessories, Media Shelf, Flat Black Wall Mount Bracket, AV Shelf, 2 Tiers Shelves",,4.5 out of 5 stars,892 ratings,In Stock
"SENZER SG500 Surround Sound Pro Gaming Headset with Noise Cancelling Microphone - Soft Memory Foam Padding - Portable Foldable Headphones for PC, PS4, PS5, Xbox One, Switch - Black",,4.2 out of 5 stars,"13,581 ratings",In Stock
"UnionSine 500GB 2.5"" Ultra Slim Portable External Hard Drive HDD-USB 3.0 for PC, Mac, Laptop, PS4, Xbox one,Xbox 360-HD-2510(Black)",,4.5 out of 5 stars,"46,924 ratings",In Stock
"TIANHOO PS4 Controller, Wireless PS4 Controller for PS4/Pro/Slim, with Vibration Feedback, Motion Sensing, Touchpad, Light Bar, Share, Speaker, 3.5mm Headphone Jack (Graffiti)",,4.2 out of 5 stars,"4,204 ratings",In Stock
